17396,ROCKVILLE STATION EAST + BUS BAY A,39.085068,-77.146588
15459,E MIDDLE LN + MONROE ST,39.085214,-77.149375
15460,E MIDDLE LN + GIBBS ST,39.08515,-77.1518
11240,W MONTGOMERY AVE + N ADAMS ST,39.084218,-77.154656
11224,GREAT FALLS RD + W JEFFERSON ST,39.083484,-77.157528
11213,GREAT FALLS RD + WILLIAMS ST,39.082326,-77.159595
15461,GREAT FALLS RD + ROSE PETAL WAY,39.080167,-77.161195
11180,GREAT FALLS RD + WINDING ROSE DR,39.07934,-77.161646
11145,GREAT FALLS RD + GREAT FALLS RD,39.076564,-77.162873
15462,FALLS RD + FALLSMEAD WAY,39.071354,-77.167819
11060,FALLS RD + WOOTTON PKY,39.069757,-77.170463
11016,FALLS RD + W KERSEY LA,39.066186,-77.174466
10970,FALLS RD + FALLS CHAPEL WAY,39.063121,-77.176451
10943,FALLS RD + COLD SPRING RD,39.060769,-77.177363
10915,FALLS RD + CHILHAM PL,39.058939,-77.177929
10887,FALLS RD + ATWELL RD,39.057186,-77.178569
15463,FALLS RD + FALLS FARM DR,39.053955,-77.183715
17630,FALLS RD + LIBERTY LN,39.051952,-77.186047
20533,FALLS RD + FALLS CHAPEL WAY,39.050103,-77.188384
10751,FALLS RD + WINTERSET DR,39.047645,-77.19044
10737,FALLS RD + GLEN RD,39.046668,-77.191123
10707,FALLS RD + MARSEILLE DR,39.044133,-77.192879
10680,FALLS RD + WOODINGTON DR,39.040725,-77.192683
10623,FALLS RD + ELDWICK WAY,39.037543,-77.19326
15464,FALLS RD + CRANFORD DR,39.036421,-77.193891
10567,FALLS RD + NANTUCKET PL,39.033102,-77.196061
17631,FALLS RD + POTOMAC TENNIS LN,39.029318,-77.201743
10494,FALLS RD + S GLEN RD,39.026422,-77.204579
15465,FALLS RD + WOODFORD RD,39.024719,-77.206515
10425,FALLS RD + GABLE MANOR CT,39.020987,-77.207938
10400,FALLS RD + RIVER RD,39.019069,-77.208672
10379,RIVER RD + COUNSELMAN RD,39.016954,-77.207434
10369,RIVER RD + HALL RD,39.01596,-77.205863
10358,RIVER RD + PERSIMMON TREE RD,39.014463,-77.203663
13043,RIVER RD + NEWBRIDGE DR,39.009999,-77.196781
10278,RIVER RD + BELLE TERRE WAY,39.008034,-77.193482
10231,RIVER RD + CONGRESSIONAL PKWY,39.006329,-77.190772
10203,RIVER RD + DURHAM DR,39.004913,-77.187727
10168,RIVER RD + HARRINGTON DR,39.003437,-77.184278
10142,RIVER RD + BRADLEY BLVD,39.002141,-77.181236
10087,MD-190 + CONGRESSIONAL COUNTRY CLUB,38.999698,-77.175467
10067,RIVER RD + FENWAY DR,38.99916,-77.17421
10011,RIVER RD + CARDEROCK SPRINGS DR,38.997025,-77.169641
9932,RIVER RD + RISING RIDGE RD,38.993746,-77.163862
9916,RIVER RD + SEVEN LOCKS RD,38.99281,-77.162368
15466,RIVER RD + BURDETTE RD,38.98985,-77.152247
9837,RIVER RD + ROYAL DOMINION DR,38.989119,-77.149911
15467,RIVER RD + HELMSDALE RD,38.987845,-77.146999
9765,RIVER RD + NEVIS RD,38.985865,-77.143127
15468,RIVER RD + GLENRIDDLE RD,38.984945,-77.140984
9717,RIVER RD + WILSON LA,38.984007,-77.138528
15469,RIVER RD + ORKNEY PKWY,38.982072,-77.13647
15471,RIVER RD + PYLE RD,38.978897,-77.13149
15472,RIVER RD + WINSTON DR,38.975643,-77.126441
15473,RIVER RD + GOLDSBORO RD,38.973439,-77.122723
15474,RIVER RD + OGDEN RD,38.97039,-77.11593
15475,RIVER RD + SPRINGFIELD DR,38.969546,-77.111664
15476,RIVER RD + DORSET AVE,38.968878,-77.110088
9175,RIVER RD + RIDGEFIELD RD,38.966124,-77.105732
9093,RIVER RD + DORSEY LA,38.964255,-77.103151
9035,RIVER RD + LITTLE FALLS PKWY,38.963136,-77.101407
9014,RIVER RD + GREYSTONE ST,38.962529,-77.100532
8935,RIVER RD + VENTNOR RD,38.96125,-77.098473
8887,WILLARD AVE + RIVER RD,38.960582,-77.096588
9021,WILLARD AVE + N PARK AVE,38.96267,-77.093387
9001,WILLARD AVE + SHOEMAKER FARM LA,38.962352,-77.091374
8984,WILLARD AVE + FRIENDSHIP BLVD,38.962018,-77.089561
8944,FRIENDSHIP HTS STA + BUS BAY J,38.961376,-77.085206
15477,WILLARD AVE + FRIENDSHIP BLVD,38.962218,-77.089729
9006,WILLARD AVE + SHOEMAKER FARM LN,38.962536,-77.091383
9019,WILLARD AVE + N PARK AVE,38.962817,-77.094092
8891,WILLARD AVE + RIVER RD,38.960616,-77.096802
8950,RIVER RD + VENTNOR RD,38.961485,-77.098484
18314,RIVER RD + LITTLE FALLS PKWY,38.962819,-77.100507
9047,RIVER RD + BUTLER RD,38.963513,-77.10154
9078,RIVER RD + DORSEY LA,38.96478,-77.103611
9180,RIVER RD + BROOKSIDE DR,38.966424,-77.105732
9273,RIVER RD + DORSET AVE,38.969095,-77.109867
9314,RIVER RD + SPRINGFIELD DR,38.969881,-77.111816
9345,RIVER RD + OGDEN RD,38.970682,-77.116134
15478,RIVER RD + GOLDSBORO RD,38.97376,-77.12263
15479,RIVER RD + WHITTIER BLVD,38.975866,-77.126263
15480,RIVER RD + PYLE RD,38.979609,-77.131551
15482,RIVER RD + WILSON LA,38.983318,-77.137166
15483,RIVER RD + GLENRIDDLE RD,38.985283,-77.141067
15484,RIVER RD + BEECH TREE RD,38.986473,-77.143648
15485,RIVER RD + HELMSDALE RD,38.987945,-77.146537
15486,RIVER RD + ROYAL DOMINION DR,38.989044,-77.148906
9849,RIVER RD + BURDETTE RD,38.99017,-77.152194
15487,RIVER RD + SEVEN LOCKS RD,38.993222,-77.162473
15488,RIVER RD + RISING RIDGE RD,38.994038,-77.16382
15489,RIVER RD + CARDEROCK SPRINGS DR,38.997217,-77.16964
15490,RIVER RD + CLEWERWALL DR,38.999461,-77.174496
15491,RIVER RD + CONGRESSIONAL COUNTRY CLUB,39.000378,-77.17654
15492,RIVER RD + BRADLEY BLVD,39.002468,-77.181606
15493,RIVER RD + HARRINGTON DR,39.003516,-77.184111
15494,RIVER RD + DURHAM DR,39.005293,-77.18829
10232,RIVER RD + CONGRESSIONAL PKWY,39.006607,-77.190924
10258,RIVER RD + BELLE TERRE WAY,39.008175,-77.19344
10310,RIVER RD + NEWBRIDGE DR,39.010178,-77.196788
10352,RIVER RD + PERSIMMON TREE RD,39.013764,-77.202357
10372,RIVER RD + HALL RD,39.016085,-77.205791
10381,RIVER RD + COUNSELMAN RD,39.017262,-77.207546
15495,FALLS RD + GLENOLDEN RD,39.018724,-77.208531
15496,FALLS RD + GABLE MANOR CT,39.020986,-77.207765
15497,FALLS RD + WOODFORD RD,39.025121,-77.20615
15498,FALLS RD + DEMOCRACY BLVD,39.026439,-77.204027
10523,FALLS RD + BULLIS SCHOOL,39.029346,-77.201572
10564,FALLS RD + NANTUCKET PL,39.032797,-77.196071
15499,FALLS RD + ELDWICK WAY,39.037374,-77.193091
10676,FALLS RD + WOODINGTON DR,39.040508,-77.19252
10708,FALLS RD + MARSEILLE DR,39.044172,-77.192727
10733,FALLS RD + GLEN RD,39.045875,-77.191463
10748,FALLS RD + WINTERSET DR,39.047507,-77.190292
10777,FALLS RD + TUCKERMAN LA,39.050675,-77.18778
17633,FALLS RD + LIBERTY LN,39.052122,-77.185452
17634,FALLS RD + FALLS FARM DR,39.053832,-77.183602
15501,FALLS RD + ATWELL RD,39.05743,-77.178214
10918,FALLS RD + CHILHAM PL,39.058636,-77.177767
15502,FALLS RD + COLD SPRING RD,39.060721,-77.177196
10968,FALLS RD + DUNSTER RD,39.062484,-77.176604
15503,FALLS RD + KERSEY LA,39.066833,-77.173706
11062,FALLS RD + WOOTTON PKY,39.070041,-77.169361
19258,FALLS RD + FALLSMEAD WAY,39.071214,-77.167479
11148,GREAT FALLS RD + #624,39.076851,-77.162558
11171,GREAT FALLS RD + WINDING ROSE DR,39.078315,-77.161901
15505,GREAT FALLS RD + MONUMENT ST,39.080248,-77.160969
15506,GREAT FALLS RD + WILLIAMS ST,39.082365,-77.159309
11225,GREAT FALLS RD + W JEFFERSON ST,39.083545,-77.157131
11239,W MONTGOMERY AVE + S ADAMS ST,39.084117,-77.154957
15507,E MIDDLE LN + MARYLAND AVE,39.084954,-77.151333
15508,E MIDDLE LN + MONROE ST,39.085,-77.149407
