13920,FT WASHINGTON LOT + BUS BAY A,38.724743,-76.9947
20535,GABLE LA + MERCK PL,38.722541,-76.992482
97,GABLE LN + E TANTALLON DR,38.71876,-76.994045
90,TANTALLON DR + BUCKMASTER LA,38.716456,-76.997032
89,TANTALLON DR + ASBURY DR,38.716393,-77.000125
93,FORT WASHINGTON RD + TANTALLON DR,38.718235,-77.005387
103,FORT WASHINGTON RD + REXBURG AVE,38.722383,-77.004229
107,FORT WASHINGTON RD + SWAN CREEK RD E,38.724572,-77.004717
114,FORT WASHINGTON RD + LOURDES DR,38.729163,-77.004724
18576,FORT WASHINGTON RD + BEECH ST,38.733084,-77.004263
126,FORT WASHINGTON RD + KIMBERLY WOODS LA,38.735927,-77.003368
13919,FORT WASHINGTON RD + RIVERVIEW RD,38.737563,-77.002648
130,FORT WASHINGTON RD + #11310,38.740018,-77.00097
134,LIVINGSTON RD + FORT WASHINGTON RD,38.742782,-76.999028
187,OXON HILL RD + LIVINGSTON RD,38.758014,-76.997391
219,FORT FOOTE RD S + STONY HILL DR,38.760964,-77.005613
220,FORT FOOTE RD + MESSINA DR,38.760883,-77.010703
210,FORT FOOTE RD + ROUND TABLE DR,38.759667,-77.015307
196,FORT FOOTE RD + LOUGHRAN RD,38.758775,-77.019896
200,FORT FOOTE RD + IVANHOE RD,38.759025,-77.023485
216,FORT FOOTE RD + LARK LA,38.760758,-77.024229
244,FORT FOOTE RD + BLUFFWOOD LN,38.765298,-77.024887
288,FORT FOOTE RD + BLUFFWOOD LN,38.77024,-77.021095
311,FORT FOOTE RD N + LOUGHRAN RD,38.771757,-77.016409
345,FORT FOOTE RD + RIVER WOOD DR,38.77454,-77.014478
396,FORT FOOTE RD + RIVER BEND RD,38.778266,-77.01076
403,OXON HILL RD + KERBY PKWY,38.778432,-77.006117
18976,OXON HILL RD + CLAUDIA DR,38.782032,-77.00689
18977,OXON HILL RD + ABBINGTON DR,38.785477,-77.005621
18978,OXON HILL RD + BROCKTON RD,38.789646,-77.004447
18979,OXON HILL RD + TANGER OUTLETS MAIN ENTR,38.793856,-77.003616
18429,OXON HILL RD + HARBORVIEW AVE,38.797655,-77.002774
20464,OXON HILL PARK AND RIDE + BUS BAY D,38.798692,-77.000976
958,INDIAN HEAD HWY + I-495/I-95,38.807506,-76.998315
1253,INDIAN HEAD HWY + LIVINGSTON RD,38.816263,-76.998558
18342,INDIAN HEAD HWY + AUDREY LA,38.819132,-76.999715
1409,INDIAN HEAD HWY + SOUTHERN AVE,38.820973,-77.000907
1441,SOUTHERN AVE + SOUTH CAPITOL ST,38.821712,-77.000581
17495,SOUTHERN AVE SE + CHESAPEAKE ST SE,38.828952,-76.991254
1991,SOUTHERN AVE + 13TH ST,38.833674,-76.985195
13841,SOUTHERN AVE + #1380,38.836196,-76.98198
21705,SOUTHERN AVE STATION + BUS BAY F,38.840954,-76.975304
13845,SOUTHERN AVE + 13TH ST,38.834202,-76.984787
20506,SOUTHERN AVE + CHESAPEAKE ST,38.828955,-76.991505
1481,SOUTHERN AVE + 6TH ST,38.822593,-76.999723
1401,INDIAN HEAD HWY + SOUTHERN AVE,38.820709,-77.001025
13866,INDIAN HEAD HWY + AUDREY LN,38.819124,-77.000082
1261,INDIAN HEAD HWY + TALBERT DR,38.816597,-76.999044
1221,INDIAN HEAD HWY + SENECA DR,38.814957,-76.998745
970,INDIAN HEAD HWY + TECUMSEH DR,38.807583,-76.998768
18845,OXON HILL RD + HARBORVIEW AVE,38.795288,-77.003625
18980,OXON HILL RD + TANGER OUTLETS MAIN ENTR,38.79389,-77.003913
18981,OXON HILL RD + PIPERS GLEN LA,38.789481,-77.00465
18982,OXON HILL RD + ABBINGTON DR,38.785909,-77.005732
18983,OXON HILL RD + CLAUDIA DR,38.782283,-77.007073
406,OXON HILL RD + KERBY PKWY,38.778579,-77.006336
391,FORT FOOTE RD + RIVER BEND RD,38.777981,-77.011242
341,FORT FOOTE RD + RIVER WOOD DR,38.77429,-77.015003
315,FORT FOOTE RD + POTOMAC VALLEY DR,38.772284,-77.01607
305,FORT FOOTE RD + E FORT FOOTE TERR,38.771311,-77.017762
289,FORT FOOTE RD + BLUFFWOOD LA,38.770342,-77.021212
242,FORT FOOTE RD + FORTSIDE DRIVEWAY,38.764994,-77.025062
222,FORT FOOTE RD + LARK LA,38.760856,-77.024406
198,FORT FOOTE RD + SANDY BAR DR,38.75888,-77.023378
194,FORT FOOTE RD + WEDGEWOOD DR,38.758498,-77.018645
204,FORT FOOTE RD + INDIAN QUEEN ES,38.759183,-77.016131
217,FORT FOOTE RD + TRAVERSE WAY,38.760711,-77.010596
13917,FORT FOOTE RD S + SHADY TREE CT,38.760799,-77.005859
186,OXON HILL RD + LIVINGSTON RD,38.757911,-76.997439
135,LIVINGSTON RD + FORT WASHINGTON RD,38.742842,-76.999215
133,FORT WASHINGTON RD + #11310,38.740252,-77.00097
13918,FORT WASHINGTON RD + RIVERVIEW RD,38.737359,-77.002927
127,FORT WASHINGTON RD + KIMBERLY WOODS LN,38.736362,-77.00346
121,FORT WASHINGTON RD + BEECH ST,38.733601,-77.004335
115,FORT WASHINGTON RD + AUTUMNWOOD LN,38.729614,-77.004855
108,FORT WASHINGTON RD + SWAN CREEK RD,38.724616,-77.004939
104,FORT WASHINGTON RD + REXBURG AVE,38.72258,-77.00447
94,FORT WASHINGTON RD + TANTALLON DR,38.718273,-77.005608
91,TANTALLON DR + ASBURY DR,38.716332,-77.000609
92,E TANTALLON DR + BUCKMASTER LN,38.716355,-76.9968
98,GABLE LN + E TANTALLON DR,38.718776,-76.993883
13399,GABLE LN + MERCK PL,38.722448,-76.99233
