15439,MONTGOMERY COMMUNITY COLLEGE + W CAMPUS DR,39.096338,-77.158122
11382,MANNAKEE ST + S CAMPUS DR,39.096024,-77.156638
11390,MANNAKEE ST + HUNGERFORD DR,39.096364,-77.154476
11372,HUNGERFORD DR + FREDERICK AVE,39.09431,-77.153523
11310,HUNGERFORD DR + N WASHINGTON ST,39.090924,-77.153046
11285,HUNGERFORD DR + #451,39.089349,-77.151879
11279,HUNGERFORD DR + BEALL AVE,39.087924,-77.15069
21860,ROCKVILLE STATION  + BUS BAY D,39.084309,-77.146606
12173,VEIRS MILL RD + DODGE ST,39.080898,-77.143974
11188,VEIRS MILL RD + FIRST ST,39.079742,-77.138268
11177,VEIRS MILL RD + WOODBURN RD,39.079085,-77.134595
11173,VEIRS MILL RD + EDMONSTON DR,39.07841,-77.130541
11167,VEIRS MILL RD + CLAGETT DR,39.078027,-77.128234
11154,VEIRS MILL RD + BROADWOOD DR,39.077101,-77.123956
11143,VEIRS MILL RD + OKINAWA AVE,39.076489,-77.12166
15441,VEIRS MILL RD + MIDWAY AVE,39.075908,-77.119207
11124,VEIRS MILL RD + #1907,39.075406,-77.117504
11119,VEIRS MILL RD + ATLANTIC AVE,39.074945,-77.115852
11109,VEIRS MILL RD + MEADOWHALL DR,39.074296,-77.113992
11096,VEIRS MILL RD + TWINBROOK PKWY,39.073131,-77.111673
15442,VEIRS MILL RD + ASPEN HILL RD,39.068793,-77.104632
11028,VEIRS MILL RD + PARKLAWN MEMORIAL,39.066835,-77.101228
10993,VEIRS MILL RD + #12704,39.064532,-77.097457
10972,VEIRS MILL RD + ROBINDALE DR,39.06317,-77.095111
10955,VEIRS MILL RD + GAYNOR RD,39.061586,-77.092364
15443,VEIRS MILL RD + EDGEBROOK RD,39.059691,-77.088988
10907,VEIRS MILL RD + HAVARD ST,39.058219,-77.086391
10889,VEIRS MILL RD + GRIDLEY RD,39.057175,-77.084636
10865,VEIRS MILL RD + RANDOLPH RD,39.056265,-77.083069
10833,VEIRS MILL RD + BUSHEY DR,39.054465,-77.079739
10806,VEIRS MILL RD + FERRARA AVE,39.053038,-77.077214
10793,VEIRS MILL RD + CONNECTICUT AVE,39.051634,-77.075082
10772,VEIRS MILL RD + CENTERHILL ST,39.050164,-77.07256
10766,VEIRS MILL RD + GAIL ST,39.049458,-77.070951
17514,VEIRS MILL RD + CLARIDGE RD,39.048308,-77.069233
15267,VEIRS MILL RD + NEWPORT MILL RD,39.044895,-77.064991
10705,VEIRS MILL RD + NORRIS DR,39.044028,-77.063303
10684,VEIRS MILL RD + COLLEGE VIEW DR,39.041829,-77.059161
10663,VEIRS MILL RD + UNIVERSITY BLVD,39.04037,-77.056418
15268,VEIRS MILL RD + UNIVERSITY BLVD,39.039664,-77.05512
15406,WHEATON STATION + BUS BAY A,39.037368,-77.050759
10590,GEORGIA AVE + VEIRS MILL RD,39.034912,-77.049546
10557,GEORGIA AVE + WINDHAM LA,39.032061,-77.048556
10528,GEORGIA AVE + PLYERS MILL RD,39.029589,-77.047718
10518,GEORGIA AVE + PREDELLA DR,39.028509,-77.047359
10504,GEORGIA AVE + EVANS DR,39.02695,-77.046817
10479,GEORGIA AVE + DENNIS AVE,39.025417,-77.046292
10430,GEORGIA AVE + DEXTER AVE,39.021978,-77.045122
10417,GEORGIA AVE + HILDAROSE DR,39.020728,-77.044661
10403,GEORGIA AVE + BELVEDERE BLVD,39.019247,-77.044131
10388,GEORGIA AVE + AMERICANA FINNMARK ENTR,39.017858,-77.043653
10374,GEORGIA AVE + FOREST GLEN RD,39.016112,-77.043067
10294,GEORGIA AVE + SEMINARY RD,39.009019,-77.04053
10242,GEORGIA AVE + LUZERNE AVE,39.00692,-77.039602
10216,GEORGIA AVE + GRACE CHURCH RD,39.005514,-77.038524
10189,GEORGIA AVE + HIGHLAND DR,39.004281,-77.037236
10150,GEORGIA AVE + NOYES DR,39.002436,-77.035253
10104,GEORGIA AVE + BALLARD ST,39.000616,-77.033298
10080,GEORGIA AVE + SPRING ST,38.999556,-77.032173
10027,GEORGIA AVE + CAMERON ST,38.997531,-77.029968
15387,GEORGIA AVE + COLESVILLE RD,38.996283,-77.028654
16716,WAYNE AVE + DIXON AVE,38.994621,-77.027695
22080,SSTC ML COLLECTION POINT I/B,38.993832,-77.029732
18955,SILVER SPRING STATION + BUS BAY 218,38.993736,-77.030592
15438,SHADY GROVE METRO STATION + BUS BAY C,39.119841,-77.16498
17167,SOMMERVILLE DR + #15910,39.117794,-77.166679
17431,SOMMERVILLE DR + REDLAND RD,39.117256,-77.165033
11509,FREDERICK RD + REDLAND RD,39.115116,-77.165701
11504,FREDERICK RD + WATKINS POND BLVD,39.111832,-77.161732
11497,FREDERICK RD + W GUDE DR,39.109575,-77.160461
11477,FREDERICK RD + W GUDE DR,39.106229,-77.158427
11462,FREDERICK RD + COLLEGE PKWY,39.103559,-77.156228
11435,HUNGERFORD DR + CAMPUS DR,39.100456,-77.154824
11401,FREDERICK RD + MANNAKEE ST,39.096884,-77.153521
11393,MANNAKEE ST + HUNGERFORD DR,39.096415,-77.154955
11383,MANNAKEE ST + S CAMPUS DR,39.096111,-77.156876
9969,GEORGIA AVE + ELLSWORTH DR,38.995156,-77.027
10020,GEORGIA AVE + CAMERON ST,38.997482,-77.029506
10066,GEORGIA AVE + SPRING ST,38.999288,-77.031462
10107,GEORGIA AVE + BALLARD ST,39.000822,-77.033101
10144,GEORGIA AVE + NOYES DR,39.002311,-77.034699
10182,GEORGIA AVE + HIGHLAND DR,39.00419,-77.036723
10205,GEORGIA AVE + GRACE CHURCH RD,39.005075,-77.037676
10241,GEORGIA AVE + LUZERNE AVE,39.006984,-77.03929
10299,GEORGIA AVE + SEMINARY PL,39.009458,-77.040377
10366,GEORGIA AVE + FOREST GLEN RD,39.015983,-77.04264
10393,GEORGIA AVE + TILTON DR,39.018134,-77.043408
10405,GEORGIA AVE + BELVEDERE BLVD,39.01942,-77.043871
10423,GEORGIA AVE + AUGUST DR,39.02118,-77.044501
10439,GEORGIA AVE + DEXTER AVE,39.022492,-77.044962
10464,GEORGIA AVE + DENNIS AVE,39.024169,-77.04553
10495,GEORGIA AVE + EVANS PKWY,39.02646,-77.046317
10513,GEORGIA AVE + DAYTON ST,39.028263,-77.046923
10533,GEORGIA AVE + PLYERS MILL RD,39.029934,-77.047505
10558,GEORGIA AVE + WINDHAM LA,39.032209,-77.048284
18573,WHEATON STATION + BUS BAY C,39.037699,-77.050886
10657,VEIRS MILL RD + UNIVERSITY BLVD,39.039734,-77.054642
10661,VEIRS MILL RD + UNIVERSITY BLVD,39.040357,-77.05581
10681,VEIRS MILL RD + GALT AVE,39.041541,-77.058051
10704,VEIRS MILL RD + NORRIS DR,39.044067,-77.062897
10721,VEIRS MILL RD + NEWPORT MILL RD,39.04506,-77.064682
10759,VEIRS MILL RD + CLARIDGE RD,39.048475,-77.068987
15259,VEIRS MILL RD + ANDREW ST,39.049961,-77.071419
10796,VEIRS MILL RD + CONNECTICUT AVE,39.052246,-77.075476
10807,VEIRS MILL RD + FERRARA AVE,39.053281,-77.07715
15260,VEIRS MILL RD + BUSHEY DR,39.054853,-77.080018
10868,VEIRS MILL RD + RANDOLPH RD,39.056486,-77.082848
15446,VEIRS MILL RD + GRIDLEY RD,39.057566,-77.084762
15447,VEIRS MILL RD + HAVARD ST,39.058296,-77.086066
15448,VEIRS MILL RD + TURKEY BRANCH PKWY,39.060306,-77.089562
10957,VEIRS MILL RD + PARKLAND DR,39.06182,-77.092182
15449,VEIRS MILL RD + ROBINDALE DR,39.063335,-77.094839
15450,VEIRS MILL RD + #12701,39.064839,-77.0974
15451,VEIRS MILL RD + ARBUTUS AVE,39.066966,-77.100924
15452,VEIRS MILL RD + ASPEN HILL RD,39.069672,-77.105367
11102,VEIRS MILL RD + TWINBROOK PKWY,39.073681,-77.112087
11108,VEIRS MILL RD + MEADOW HALL DR,39.07437,-77.113539
11121,VEIRS MILL RD + ATLANTIC AVE,39.075272,-77.115992
11131,VEIRS MILL RD + #1902,39.075735,-77.117747
11136,VEIRS MILL RD + NIMITZ AVE,39.076093,-77.119247
11146,VEIRS MILL RD + OKINAWA AVE,39.076723,-77.121707
11156,VEIRS MILL RD + BROADWOOD DR,39.077322,-77.124034
11168,VEIRS MILL RD + CLAGETT DR,39.078161,-77.12787
11174,VEIRS MILL RD + EDMONSTON DR,39.078665,-77.130857
11179,VEIRS MILL RD + WOODBURN RD,39.079323,-77.134769
11186,VEIRS MILL RD + FIRST ST,39.079768,-77.137059
11199,VEIRS MILL RD + DODGE ST,39.080999,-77.143306
21858,ROCKVILLE STATION  + BUS BAY G,39.085001,-77.147853
15454,HUNGERFORD DR + BEALL AVE,39.087793,-77.150168
15455,HUNGERFORD DR + #451,39.089161,-77.151315
15456,HUNGERFORD DR + N WASHINGTON ST,39.091757,-77.153033
11352,HUNGERFORD DR + FREDERICK AVE,39.094053,-77.153202
15457,FREDERICK RD + MANNAKEE ST,39.096941,-77.153184
11433,HUNGERFORD DR + CAMPUS DR,39.10032,-77.154408
11465,FREDERICK RD + COLLEGE PKWY,39.103742,-77.155959
11482,FREDERICK RD + E GUDE DR,39.107034,-77.158546
11494,FREDERICK RD + #15501,39.109304,-77.159842
11507,FREDERICK RD + INDIANOLA DR,39.112753,-77.161941
11510,FREDERICK RD + REDLAND RD,39.115351,-77.165411
17432,SOMMERVILLE DR + REDLAND RD,39.117631,-77.165378
