14985,NEW CARROLLTON STATION + BUS BAY H,38.94823,-76.872727
14657,HARKINS RD + #7900,38.951128,-76.873009
8540,HARKINS RD + SHERWOOD ST,38.952307,-76.875088
8554,HARKINS RD + ANNAPOLIS RD,38.952538,-76.878153
8592,ANNAPOLIS RD + WEST LANHAM DR,38.953632,-76.876469
8621,ANNAPOLIS RD + #7990,38.954534,-76.874797
8769,RIVERDALE RD + CARROLLTON MALL,38.957678,-76.874205
8809,RIVERDALE RD + HERITAGE SQUARE APARTMENTS,38.958798,-76.875332
8850,RIVERDALE RD + MAHONEY DR,38.959701,-76.877432
14993,RIVERDALE RD + FOUNTAIN CLUB APARTMENTS,38.960134,-76.879385
8954,RIVERDALE RD + LAMONT DR,38.961556,-76.882826
8978,RIVERDALE RD + LOIS LA,38.962027,-76.884595
8987,RIVERDALE RD + FINNS LA,38.962198,-76.886891
9055,RIVERDALE RD + MARTINS LN,38.963541,-76.889331
9089,RIVERDALE RD + CHESTRIDGE APARTMENTS,38.964336,-76.893566
9092,RIVERDALE RD + RIVERDALE TOWNE APTS,38.964363,-76.894628
9095,RIVERDALE RD + AUBURN AVE,38.964414,-76.896411
9097,RIVERDALE RD + AUBURN AVE,38.964445,-76.8979
9020,RIVERDALE RD + 67TH PL,38.962715,-76.901334
8975,RIVERDALE RD + 67TH CT,38.96188,-76.902343
8930,RIVERDALE RD + 64TH AVE,38.961227,-76.907448
8919,RIVERDALE RD + MUSTANG DR,38.961079,-76.910962
18657,RIVERDALE RD + 61ST PL,38.960483,-76.912982
21838,RIVERDALE RD + ST JOHNS LUTHERAN CHURCH,38.960209,-76.915683
8831,RIVERDALE RD + 57TH AVE,38.959278,-76.91869
14994,RIVERDALE RD + 54TH AVE,38.959442,-76.922645
14995,RIVERDALE RD + TANGLEWOOD DR,38.960259,-76.925022
14996,RIVERDALE RD + CALVERT PARK APARTMENTS,38.960829,-76.926824
14997,RIVERDALE RD + TAYLOR RD,38.961171,-76.929359
21841,RIVERDALE RD + 49TH AVE,38.961403,-76.931103
28048,RIVERDALE RD + 48TH AVE,38.961605,-76.932587
28044,LAFAYETTE AVE + QUEENSBURY RD,38.962265,-76.934959
28046,QUEENSBURY RD + RHODE ISLAND AVE,38.96278,-76.93589
28049,QUEENSBURY RD + EAST BEALE CIRCLE,38.963066,-76.937828
15001,QUEENSBURY RD + 44TH PL,38.96324,-76.94044
15002,QUEENSBURY RD + 44TH AVE,38.963397,-76.942297
9062,QUEENSBURY RD + 42ND PL,38.963705,-76.945012
21840,QUEENSBURY RD + 41ST AVE,38.96385,-76.947958
9072,QUEENSBURY RD + 39TH PL,38.963945,-76.950034
9088,BELCREST RD + QUEENS CHAPEL RD,38.964352,-76.952645
16323,PG PLAZA STATION + BUS BAY D,38.965135,-76.956431
16437,EAST-WEST HWY + ENTR TO MALL AT PRINCE GEORGE'S,38.967005,-76.958173
18877,EAST-WEST HWY + TOLEDO TERR,38.967225,-76.963062
9290,EAST-WEST HWY + 23RD AVE,38.969465,-76.974017
9335,EAST-WEST HWY + AGER RD,38.970386,-76.977312
9368,EAST-WEST HWY + 19TH PL,38.971346,-76.978491
9436,EAST-WEST HWY + MD-212,38.972971,-76.980654
9484,EAST-WEST HWY + CHILLUM MANOR DR,38.97438,-76.983867
15003,EAST-WEST HWY + LINDEN AVE,38.97537,-76.988086
9526,EAST-WEST HWY + KENTLAND AVE,38.975815,-76.990767
27710,EAST-WEST HIGHWAY + NEW HAMPSHIRE AVE,38.975475,-76.994812
9536,ETHAN ALLEN AVE + ELM AVE,38.976163,-76.996644
9547,ETHAN ALLEN AVE + PRINCE GEORGES AVE,38.976863,-76.998241
15004,ETHAN ALLEN AVE + JACKSON AVE,38.978005,-77.001572
9575,ETHAN ALLEN AVE + CARROLL AVE,38.978143,-77.005761
9583,PHILADELPHIA AVE + HOLT AVE,38.978498,-77.008009
15005,PHILADELPHIA AVE + PARK AVE,38.979622,-77.009082
9635,PHILADELPHIA AVE + MAPLE AVE,38.980979,-77.010087
17324,PHILADELPHIA AVE + CEDAR AVE,38.981264,-77.011445
9669,PHILADELPHIA AVE + HOLLY AVE,38.982268,-77.013534
9681,PHILADELPHIA AVE + CHESTNUT AVE,38.982991,-77.0148
9736,PHILADELPHIA AVE + TAKOMA AVE,38.985143,-77.019004
15006,PHILADELPHIA AVE + CHICAGO AVE,38.986581,-77.021177
9830,FENTON ST + PHILADELPHIA AVE,38.988856,-77.023732
9844,FENTON ST + SLIGO AVE,38.989997,-77.023812
15007,FENTON ST + SILVER SPRING AVE,38.991525,-77.023917
9919,FENTON ST + THAYER AVE,38.992862,-77.023992
9939,FENTON ST + BONIFANT ST,38.994216,-77.024002
15008,FENTON ST + WAYNE AVE,38.995225,-77.024262
10014,FENTON ST + ROEDER RD,38.997169,-77.025801
22080,SSTC ML COLLECTION POINT I/B,38.993832,-77.029732
18911,SILVER SPRING STATION + BUS BAY 223,38.993612,-77.030136
9969,GEORGIA AVE + ELLSWORTH DR,38.995156,-77.027
17325,FENTON ST + ROEDER RD,38.997285,-77.026369
18150,FENTON ST + ELLSWORTH DR,38.996516,-77.025123
9959,FENTON ST + BONIFANT ST,38.994619,-77.024243
27923,FENTON ST + THAYER AVE,38.993174,-77.024152
9883,FENTON ST + SILVER SPRING AVE,38.991172,-77.024083
9846,FENTON ST + SLIGO AVE,38.989975,-77.024065
9827,FENTON ST + RICHMOND AVE,38.988495,-77.023846
9780,PHILADELPHIA AVE + CHICAGO AVE,38.98644,-77.021253
9744,PHILADELPHIA AVE + TAKOMA AVE,38.985166,-77.01928
9679,PHILADELPHIA AVE + CHESTNUT AVE,38.982858,-77.014756
9670,PHILADELPHIA AVE + HOLLY AVE,38.982324,-77.013814
9641,PHILADELPHIA AVE + CEDAR AVE,38.981142,-77.011175
9603,PHILADELPHIA AVE + PARK AVE,38.979442,-77.009037
9584,PHILADELPHIA AVE + HOLT PL,38.978387,-77.008031
9578,CARROLL AVE + GRANT AVE,38.977935,-77.006509
9570,ETHAN ALLEN AVE + JACKSON AVE,38.977949,-77.001789
9549,ETHAN ALLEN AVE + PRINCE GEORGES AVE,38.976874,-76.998474
9538,ETHAN ALLEN AVE + ELM AVE,38.976187,-76.996958
14991,EAST-WEST HWY + NEW HAMPSHIRE AVE,38.97519,-76.993554
9519,EAST-WEST HWY + KENTLAND AVE,38.975547,-76.991692
9501,EAST-WEST HWY + FAIRVIEW AVE,38.975166,-76.988241
9486,EAST-WEST HWY + CHILLUM MANOR DR,38.974322,-76.984279
9426,EAST-WEST HWY + MD-212,38.972538,-76.98049
15269,EAST-WEST HWY + 19TH PL,38.971333,-76.978922
18901,EAST WEST HWY + AGER RD,38.969969,-76.976802
9286,EAST-WEST HWY + 23RD AVE,38.969167,-76.974056
18333,EAST-WEST HWY + TOLEDO TERR X,38.966906,-76.962619
16427,EAST-WEST HWY + ENTR TO METRO STATION,38.966723,-76.95794
14983,PG PLAZA STATION + BUS BAY F,38.965439,-76.956231
17281,BELCREST RD + QUEENS CHAPEL RD,38.964195,-76.952908
9070,QUEENSBURY RD + 39TH PL,38.963875,-76.950312
9066,QUEENSBURY RD + 41ST AVE,38.963772,-76.948223
9060,QUEENSBURY RD + 42ND PL,38.963613,-76.944937
9042,QUEENSBURY RD + 44TH AVE,38.963305,-76.942107
21837,QUEENSBURY RD + BALTIMORE AVE,38.963101,-76.940266
28047,QUEENSBURY RD + 46TH AVE,38.962879,-76.937347
28045,QUEENSBURY RD + RHODE ISLAND AVE,38.96262,-76.935806
28043,RIVERDALE RD + 48TH AVE,38.96143,-76.932404
8940,RIVERDALE RD + 49TH AVE,38.961261,-76.930934
8926,RIVERDALE RD + TAYLOR RD,38.961097,-76.929634
8896,RIVERDALE RD + CALVERT PARK APARTMENTS,38.960712,-76.926871
27673,RIVERDALE RD + TANGLEWOOD DR,38.960128,-76.925041
14984,RIVERDALE RD + 54TH AVE,38.95928,-76.922472
8825,RIVERDALE RD + 57TH AVE,38.959177,-76.918633
8912,RIVERDALE RD + 63RD AVE,38.96092,-76.91014
8918,RIVERDALE RD + EASTPINE DR,38.960993,-76.906729
8939,RIVERDALE RD + 67TH AVE,38.961327,-76.902825
9016,RIVERDALE RD + 67TH PL,38.962635,-76.901162
9091,RIVERDALE RD + AUBURN AVE,38.964287,-76.89717
9087,RIVERDALE RD + RIVERDALE TOWNE APARTMENTS,38.964239,-76.895383
9085,RIVERDALE RD + CHESTNUT RIDGE APARTMENTS,38.964197,-76.893908
9079,RIVERDALE RD + MARTINS TERR,38.964112,-76.891349
9053,RIVERDALE RD + MARTINS LN,38.963397,-76.889398
8986,RIVERDALE RD + FINNS LA,38.962037,-76.886736
8982,RIVERDALE RD + LOIS LN,38.961939,-76.884994
8947,RIVERDALE RD + LAMONT DR,38.961319,-76.882642
8866,RIVERDALE RD + FOUNTAIN CLUB APARMENTS,38.960018,-76.879542
8846,RIVERDALE RD + FONTAINEBLEAU DR,38.959588,-76.877656
8800,RIVERDALE RD + HERITAGE SQUARE APARTMENTS,38.958474,-76.875288
8765,RIVERDALE RD + HERITAGE SQUARE APARTMENTS,38.957467,-76.874294
8669,ANNAPOLIS RD + RIVERDALE RD,38.95549,-76.873688
8631,ANNAPOLIS RD + #7990,38.95467,-76.875138
8598,ANNAPOLIS RD + W LANHAM DR,38.95381,-76.876768
8549,HARKINS RD + ANNAPOLIS RD,38.952297,-76.877526
8532,HARKINS RD + SHERWOOD ST,38.952079,-76.875094
8478,HAWKINS RD + ELLIN RD,38.950329,-76.872617
